id,nombre,edad,profesion
1,Sande,58,Research Nurse
2,Jodie,86,Geologist I
3,Charmion,93,Programmer IV
4,Niki,55,Civil Engineer
5,Abbey,95,Safety Technician II
6,Cordy,65,Account Coordinator
7,Kelley,44,Developer III
8,Ami,65,Junior Executive
9,Rochelle,37,Chemical Engineer
10,Dalt,82,Data Coordinator
11,Kayley,88,Office Assistant I
12,Dora,44,Sales Associate
13,Cly,58,Programmer Analyst III
14,Georges,32,Structural Analysis Engineer
15,Wendeline,82,Assistant Manager
16,Raddie,91,Help Desk Operator
17,Shir,36,VP Quality Control
18,Beatrice,32,Internal Auditor
19,Bradan,29,General Manager
20,Analiese,27,Programmer III
21,Korey,89,Geological Engineer
22,Neala,77,Compensation Analyst
23,Luise,73,Tax Accountant
24,Quinlan,55,Cost Accountant
25,Percy,7,Web Designer IV
26,Laney,26,Analog Circuit Design manager
27,Doro,81,Developer I
28,Lenette,28,Data Coordinator
29,Gwenore,84,Help Desk Operator
30,Hilliard,85,Pharmacist
31,Roobbie,29,Senior Financial Analyst
32,Lacy,5,Sales Associate
33,Matthus,6,Chief Design Engineer
34,Kym,27,Staff Accountant III
35,Guillema,99,VP Product Management
36,Jenda,4,Teacher
37,Tate,91,Pharmacist
38,Penrod,78,Accounting Assistant I
39,Lee,25,VP Quality Control
40,Jenny,15,Civil Engineer
41,Ferrel,56,Paralegal
42,Clementius,47,Technical Writer
43,Dixie,77,Account Coordinator
44,Walliw,29,Teacher
45,Celinda,25,Electrical Engineer
46,Hillier,49,Social Worker
47,Borden,4,Technical Writer
48,Clarabelle,36,Legal Assistant
49,Willis,53,Staff Scientist
50,Luisa,46,Electrical Engineer
51,Dorrie,41,Food Chemist
52,Joelynn,56,Administrative Assistant III
53,Son,37,Data Coordinator
54,Domeniga,11,VP Quality Control
55,Richy,8,Staff Scientist
56,Loralyn,44,Analyst Programmer
57,Peterus,48,Graphic Designer
58,Prue,61,Financial Advisor
59,Carola,66,Developer III
60,Carlo,3,Nurse
61,Rouvin,100,Recruiting Manager
62,Wylie,0,Account Coordinator
63,Conroy,5,Staff Scientist
64,Myrna,84,Developer II
65,Valdemar,88,Geologist III
66,Ruby,36,Human Resources Manager
67,Arnoldo,95,Technical Writer
68,Ivory,25,Data Coordinator
69,Alla,0,Chemical Engineer
70,Krissie,80,Information Systems Manager
71,Ruthann,44,Administrative Assistant I
72,Tabbie,95,Staff Scientist
73,Graham,26,Senior Quality Engineer
74,Dale,57,Product Engineer
75,Alethea,99,Web Developer III
76,Aurelia,90,Research Assistant I
77,Chevy,11,Physical Therapy Assistant
78,Orville,4,Junior Executive
79,Janeva,6,Paralegal
80,Berrie,0,Marketing Manager
81,Emmerich,49,Teacher
82,Dasya,55,Research Assistant I
83,Edgard,96,VP Product Management
84,Farrand,2,Research Assistant III
85,Cathrin,21,Physical Therapy Assistant
86,Carmine,47,Human Resources Manager
87,Amata,44,Senior Editor
88,Bert,88,Web Designer IV
89,Jessi,63,Compensation Analyst
90,Donny,88,Recruiter
91,Harriet,77,Recruiter
92,Bil,72,Physical Therapy Assistant
93,Genni,26,Programmer Analyst III
94,Wenda,96,Chemical Engineer
95,Ham,53,Chemical Engineer
96,Itch,27,Developer II
97,Elsbeth,32,Quality Control Specialist
98,Claire,40,Junior Executive
99,Bobby,55,Physical Therapy Assistant
100,Adolphus,64,Help Desk Operator
